{"cameraMode":{"drawMode":0,"name":"Shaded","section":"Shading Mode"},"sceneLighting":false,"audioPlay":false,"sceneViewState":{"m_AlwaysRefresh":false,"showFog":true,"showSkybox":false,"showFlares":true,"showImageEffects":true,"showParticleSystems":true,"showVisualEffectGraphs":true,"m_FxEnabled":true},"in2DMode":false,"pivot":{"x":-68.50981140136719,"y":23.40802001953125,"z":-44.380123138427737},"rotation":{"x":0.11520598828792572,"y":0.06920570880174637,"z":-0.004088527522981167,"w":0.9906420111656189},"size":12.12435531616211,"orthographic":false}