{"cameraMode":{"drawMode":0,"name":"Shaded","section":"Shading Mode"},"sceneLighting":false,"audioPlay":false,"sceneViewState":{"m_AlwaysRefresh":false,"showFog":true,"showSkybox":false,"showFlares":true,"showImageEffects":true,"showParticleSystems":true,"showVisualEffectGraphs":true,"m_FxEnabled":true},"in2DMode":false,"pivot":{"x":0.011202607303857804,"y":0.013625171966850758,"z":-0.04606568068265915},"rotation":{"x":0.056968625634908679,"y":4.307324559249537e-7,"z":0.0000715347850928083,"w":0.9983620047569275},"size":0.0014173203380778432,"orthographic":false}