{"cameraMode":{"drawMode":0,"name":"Shaded","section":"Shading Mode"},"sceneLighting":false,"audioPlay":false,"sceneViewState":{"m_AlwaysRefresh":false,"showFog":true,"showSkybox":false,"showFlares":true,"showImageEffects":true,"showParticleSystems":true,"showVisualEffectGraphs":true,"m_FxEnabled":true},"in2DMode":false,"pivot":{"x":1.1099998950958253,"y":0.8610000610351563,"z":1.619999885559082},"rotation":{"x":-0.1118294820189476,"y":-0.1831575483083725,"z":0.020814713090658189,"w":-0.9764528870582581},"size":13.470158576965332,"orthographic":false}