{"cameraMode":{"drawMode":0,"name":"Shaded","section":"Shading Mode"},"sceneLighting":false,"audioPlay":false,"sceneViewState":{"m_AlwaysRefresh":false,"showFog":true,"showSkybox":false,"showFlares":true,"showImageEffects":true,"showParticleSystems":true,"showVisualEffectGraphs":true,"m_FxEnabled":true},"in2DMode":false,"pivot":{"x":28.358423233032228,"y":-1.8000001907348633,"z":7.5587849617004398},"rotation":{"x":0.16819331049919129,"y":-0.04611527919769287,"z":0.013170870020985604,"w":0.9842297434806824},"size":42.65677261352539,"orthographic":false}